State,State Leg,Number,Status,Issues,Notes,Source Link,Year
Arizona,Arizona State Legislature,H.C.M.2011,Enacted,Homelessness,A resolution asking Congress to reduce administrative burden and allow states further flexibility in setting policies to address homelessness. Allowing states this flexibility will allow Arizona to develop an approach best suited to conditions on the ground instead of forcing them to follow a one-size-fits-all approach from Washington.,https://apps.azleg.gov/BillStatus/BillOverview/83346,2025
Arkansas,Arkansas General Assembly,H.B.1512,Enacted,Education,"An education omnibus bill, which includes: broadening accelerated learning programs to include IB and dual enrollment in addition to AP; end DEI and loyalty oaths; bans excused absences for protesting, and requires parental permission for excused absences to participate in lobbying; increase accountability for tenured faculty; institute performance-based funding; streamline the admissions process and accept the Classical Learning Test; and increase access to scholarships. These reforms will make higher education in Arkansas more cost-effective and better at preparing Arkansas students for future success.",https://www.arkleg.state.ar.us/Bills/Detail?ddBienniumSession=2025%2F2025R&measureno=HB1512,2025
Arkansas,Arkansas General Assembly,S.B.246,Enacted,Education,"An education omnibus bill, which includes: broadening accelerated learning programs to include IB and dual enrollment in addition to AP; end DEI and loyalty oaths; bans excused absences for protesting, and requires parental permission for excused absences to participate in lobbying; increase accountability for tenured faculty; institute performance-based funding; streamline the admissions process and accept the Classical Learning Test; and increase access to scholarships. These reforms will make higher education in Arkansas more cost-effective and better at preparing Arkansas students for future success.",https://www.arkleg.state.ar.us/Bills/Detail?ddBienniumSession=2025%2F2025R&measureno=SB246,2025
Arkansas,Arkansas General Assembly,S.B.537,Enacted,WFT Credits,"Allows a supervised offender in Arkansas to accrue work-for-time credits for every 30-day period in which they maintain eligible employment, which will benefit Arkansans by reducing recidivism.",https://www.arkleg.state.ar.us/Bills/Detail?ddBienniumSession=2025%2F2025R&measureno=SB537,2025
Arkansas,Arkansas General Assembly,S.B.601,Enacted,International Physicians,"Allows international physicians to practice medicine in Arkansas without redoing residency, as long as they have a job offer from a healthcare provider in a medically underserved area of the state. This will both free up residency slots for US medical students and increase the pool of available doctors to serve Arkansans in underserved, particularly rural, areas.",https://www.arkleg.state.ar.us/Bills/Detail?ddBienniumSession=2025%2F2025R&measureno=SB601,2025
Arkansas,Arkansas General Assembly,S.R.64,Enacted,Homelessness,A resolution asking Congress to reduce administrative burden and allow states further flexibility in setting policies to address homelessness. Allowing states this flexibility will allow Arkansas to develop an approach best suited to conditions on the ground instead of forcing them to follow a one-size-fits-all approach from Washington.,https://www.arkleg.state.ar.us/Bills/Detail?ddBienniumSession=2025%2F2025R&measureno=SR64,2025
Idaho,Idaho State Legislature,H.107,Enacted,Licensure,"Prevents government boards from imposing occupational licensing requirements or fees without legislative approval, removing a barrier to innovation and growth in Idaho.",https://legislature.idaho.gov/sessioninfo/2025/legislation/H0107,2025
Idaho,Idaho State Legislature,S.1141,Enacted,Camping Bans,"Bans public camping in Idaho cities larger than 100,000, which encompasses the state's 3 largest cities - Boise, Meridian, and Nampa. This will ensure that homeless people are off the streets and connected with the resources they need, which will help make Idaho's communities cleaner and safer.",https://legislature.idaho.gov/sessioninfo/2025/legislation/S1141,2025
Indiana,Indiana General Assembly,H.B.1003,Enacted,Healthcare,Strengthens Indiana's Medicaid fraud control unit and requires clinical laboratories and diagnostic imaging facilities to post their prices online in order to increase transparency and lower the cost of healthcare through competition to keep prices low.,https://iga.in.gov/legislative/2025/bills/house/1003,2025
Indiana,Indiana General Assembly,H.B.1006,Enacted,Special Prosecutor,"Creates a prosecutor review board, which will investigate any prosecutors who refuse to prosecute certain crimes or categories of crimes. Ensuring all crimes are prosecuted properly will improve the safety of the citizens of Indiana.",https://iga.in.gov/legislative/2025/bills/house/1006,2025
Indiana,Indiana General Assembly,H.B.1555,Enacted,International Physicians,"Allows the Medical Licensing Board of Indiana to issue limited licenses to international medical graduates to practice in underserved areas if they possess a written employment offer from a healthcare facility in an underserved area, in order to increase access to medical care in underserved - particularly rural - areas.",https://iga.in.gov/legislative/2025/bills/house/1555,2025
Indiana,Indiana General Assembly,H.B.1604,Enacted,Patients Right to Save,"Requires that Indiana health plans credit out-of-pocket expenses toward deductibles if the amount paid is less than the plan's normal rate, which will incentivize patients to shop around for the lowest prices and incentivize providers to offer the lowest prices they can.",https://iga.in.gov/legislative/2025/bills/house/1604/details,2025
Indiana,Indiana General Assembly,S.B.0475,Enacted,Anti-competitive contracting,"Prohibits physicians from entering into noncompete agreements with hospitals or hospital systems in Indiana, in order to allow for greater competition and professional mobility and increase availability of health care for Indianans.",https://iga.in.gov/legislative/2025/bills/senate/475,2025
Iowa,Iowa General Assembly,H.F.295,Enacted,Accreditation; Education,"Allows Iowa colleges and universities to choose any federally recognized accreditor, which will allow for more competition among accreditors and increase academic freedom for Iowa higher education.",https://www.legis.iowa.gov/legislation/BillBook?ba=HSB57&ga=91,2025
Iowa,Iowa General Assembly,H.F.437,Sent to Governor,Civics/Anti-communism; Education,"Establishes a Center for Intellectual Freedom at the University of Iowa, aimed at promoting teaching and research on historical ideas, traditions, and texts that have shaped American constitutional order and society, which will expand the availability of high-quality scholarship, expand intellectual diversity, and foster civic engagement.",https://www.legis.iowa.gov/legislation/BillBook?ba=HF437&ga=91,2025
Iowa,Iowa General Assembly,H.F.440,Enacted,Education,"Requires advance notice for any proposed increase in tuition, fees, or charges at Iowa public universities, requires universities to have at least one degree program that can be completed in three years, and to implement a work-study program, all with the goal of making higher education more affordable and accessible for Iowans.",https://www.legis.iowa.gov/legislation/BillBook?ba=HF440&ga=91,2025
Iowa,Iowa General Assembly,H.F.856,Enacted,ALOB,"Bans all public entities in Iowa from engaging in any DEI activities, in order to ensure Iowa governments do not engage in discriminatory DEI practices.",https://www.legis.iowa.gov/legislation/BillBook?ba=HF856&ga=91,2025
Iowa,Iowa General Assembly,H.F.887,Enacted,CON Repeal (Healthcare),"Removes birth centers from the definition of institutional health facilities and Certificate of Need requirements, in order to make birth care in Iowa more accessible and affordable.",https://www.legis.iowa.gov/legislation/BillBook?ba=HF887&ga=91,2025
Iowa,Iowa General Assembly,S.F.369,Enacted,Civics/Anti-communism; Education,"Requires Iowa students to pass the United States Citizenship and Immigration Services Naturalization Civics Test to graduate from high school or receive a high school equivalency diploma, in order to ensure Iowa students have sufficient knowledge of American government as they become voting-age citizens.",https://www.legis.iowa.gov/legislation/BillBook?ba=SF369&ga=91,2025
Kansas,Kansas State Legislature,S.B.166,Enacted,Degree Requirements,"Removes unnecessary degree requirements from state jobs in Kansas, with exceptions. It expands employment opportunities for Kansans with relevant experience but without college degrees, and allows open positions to be filled more efficiently.",http://www.kslegislature.org/li/b2025_26/measures/sb166/,2025
Kansas,Kansas State Legislature,S.B.78,Enacted,Accreditation; Education,"Allows colleges to choose between recognized accreditors and prohibits accreditors from forcing violations of state law, which will allow for greater academic freedom and greater accountability for Kansas colleges and universities.",http://www.kslegislature.org/li/b2025_26/measures/sb78/,2025
Kentucky,Kentucky General Assembly,H.B.4,Enacted,ALOB,"A ban on discriminatory DEI offices, officers, and training in Kentucky public institutions of higher education, which will ensure freedom of thought and freedom from institutional discrimination for students, faculty, and staff.",https://apps.legislature.ky.gov/record/25rs/hb4.html,2025
Kentucky,Kentucky General Assembly,H.B.6,Enacted,Regulatory Reform,"Implements cost-benefit analysis into the Kentucky administrative rulemaking process, and requires future regulations to be justified by having minimal economic impact or being required to comply with federal law or court orders, in order to reduce the regulatory burden on Kentucky citizens.",https://apps.legislature.ky.gov/record/25rs/hb6.html,2025
Mississippi,Mississippi Legislature,H.B. 1203,Enacted,Camping Bans,"Bans public camping in Mississippi. This will ensure that homeless people are off the streets and connected with the resources they need, which will help make Mississippi's communities cleaner and safer.",http://billstatus.ls.state.ms.us/2025/pdf/history/HB/HB1203.xml,2025
Montana,Montana Legislature,H.B. 590,Enacted,Electronic Health Records,"Expands access to electronic health records in Montana, in order to make it easier for patients to transfer their data to the doctor, hospital, or other provider they choose.",https://bills.legmt.gov/#/laws/bill/2/LC2942?open_tab=sum,2025
Montana,Montana Legislature,S.B. 212,Enacted,AI - Good AI Bill,"Ensures that computational resources and AI will be covered by property rights, restricts ability of government to regulate AI, requires AI-managed critical infrastructure to develop risk management policies. This will ensure Montana strikes a balance of allowing innovation in the AI space while preserving the safety of Montana citizens.",https://bills.legmt.gov/#/laws/bill/2/LC0292?open_tab=sum,2025
Montana,Montana Legislature,S.B. 217,Enacted,WFT Credits,"Establishes a system of work time credit for probationers and parolees, letting them reduce their sentences through employment assuming good behavior, in order to ease rehabilitation and reduce recidivism.",https://bills.legmt.gov/#/laws/bill/2/LC0305?open_tab=sum,2025
Nebraska,Nebraska Legislature,L.B.660,Enacted,Regulatory Reform,"Regulates the purchase of drones and includes regulatory venue freedom, a five-year review of all regulations, and a mandatory cost-benefit analysis of regulations in Nebraska.",http://nebraskalegislature.gov/bills/view_bill.php?DocumentID=59610,2025
New Mexico,New Mexico Legislature,S.B. 1,Enacted,Homelessness,"Creates two dedicated funds to support behavioral health issues, including mental health and substance abuse treatment, in order to better support New Mexicans struggling with those issues.",http://www.nmlegis.gov/Legislation/Legislation?chamber=S&legType=B&legNo=1&year=25,2025
New Mexico,New Mexico Legislature,S.B. 3,Enacted,Homelessness,"Breaks down behavioral health services into regions in order to better address the needs of varying communities in New Mexico, and streamlines administrative procedures to increase efficiency.",http://www.nmlegis.gov/Legislation/Legislation?chamber=S&legType=B&legNo=3&year=25,2025
New Mexico,New Mexico Legislature,S.B. 375,Enacted,Probation and Parole,"Allows minimum-risk defendants in New Mexico to be automatically released from probation after half their probation term if they meet all their obligations, removes the requirement for inmates to pay back the cost of parole, and includes reductions in sentence for completing education, in order to reduce recidivism and increase public safety in New Mexico.",http://www.nmlegis.gov/Legislation/Legislation?chamber=S&legType=B&legNo=375&year=25,2025
North Dakota,North Dakota Legislative Assembly,H.B. 1329,Enacted,K-12 Financial Transparency,Mandates a government efficiency study during the 2025-26 interim to assess the feasibility of creating a government spending database to assess spending efficiency and regulatory compliance in North Dakota state government.,http://www.legis.nd.gov/assembly/69-2025/regular/bill-overview/bo1329.html,2025
North Dakota,North Dakota Legislative Assembly,H.B. 1442,Enacted,Government Efficiency (DOGE),Establishes a legislative task force on government efficiency to identify areas for increased efficiency and cost-saving measures for North Dakota.,http://www.legis.nd.gov/assembly/69-2025/regular/bill-overview/bo1442.html,2025
Ohio,Ohio General Assembly,S.B. 1,Enacted,ALOB,"Makes several reforms to the Ohio higher education system, including requiring course syllabi to be publicly available, prohibits DEI practices, and prohibits state institutions of higher education from accepting gifts from China, in order to make the higher education system more transparent and to eliminate discriminatory DEI practices.",https://www.legislature.ohio.gov/legislation/136/sb1,2025
Oklahoma,Oklahoma Legislature,H.B.1595,Enacted,Public Safety,"Increases penalties for assault and battery and adds specific penalties for domestic abuse in Oklahoma, in order to better protect law-abiding Oklahomans in general and victims of domestic violence in particular.",http://www.oklegislature.gov/BillInfo.aspx?Bill=HB1595&Session=2500,2025
Oklahoma,Oklahoma Legislature,H.B.2050,Enacted,International Physicians,"Allows Oklahoma to issue licenses to internationally trained physicians, including provisions for a probationary period, requirements for English proficiency, and a degree from a foreign medical school recognized by ECFMG, in order to increase the availability of healthcare practitioners in the state.",http://www.oklegislature.gov/BillInfo.aspx?Bill=HB2050&Session=2500,2025
Oklahoma,Oklahoma Legislature,S.B.796,Enacted,ALOB,"Prohibits Oklahoma public institutions of higher education from using any state resources to support DEI programs, positions, or activities, in order to in order to foster intellectual diversity on Oklahoma campuses and protect the free speech rights of Oklahoma students.",http://www.oklegislature.gov/BillInfo.aspx?Bill=SB796&Session=2500,2025
South Carolina,South Carolina Legislature,S.B. 164,Enacted,Regulatory Reform,"Requires regulations with a substantial economic impact to be given an assessment report before approval, in order to ensure additional oversight of regulations that carry sizable costs.",https://www.scstatehouse.gov/billsearch.php?billnumbers=164&session=126&summary=B,2025
Tennessee,Tennessee General Assembly,H.B.0106,Enacted,Regulatory Reform,"Exempts drop-in centers and church and gym childcare rooms from needing to be licensed, which will increase the availability and affordability of childcare options in Tennessee.",http://wapp.capitol.tn.gov/apps/BillInfo/Default.aspx?BillNumber=HB0106&ga=114,2025
Tennessee,Tennessee General Assembly,S.B. 871,Enacted,Homelessness,Requires the Tennessee government to study the current state of continuum of care in Tennessee in order to identify areas where the program can be made more efficient and effective in order to benefit both taxpayers and the homeless.,https://wapp.capitol.tn.gov/apps/BillInfo/Default.aspx?BillNumber=SB0871&ga=114,2025
Tennessee,Tennessee General Assembly,S.B. 890,Enacted,Electronic Health Records,"Shortens the timeframe in which health records must be provided upon request in Tennessee, from 10 working days to 10 calendar days, in order to expedite patients' ability to access their health records.",https://wapp.capitol.tn.gov/apps/BillInfo/Default.aspx?BillNumber=SB0890&ga=114,2025
Texas,Texas Legislature,S.B. 1038,Enacted,Healthcare,"Provides for rewards to individuals who report fraud and abuse in Medicaid if the report leads to a remedy, in order to provide a further source of oversight on the Medicaid system and increase accountability.",http://capitol.texas.gov/BillLookup/History.aspx?LegSess=89R&Bill=SB1038,2025
Texas,Texas Legislature,S.B. 14,Enacted,Regulatory Reform,Creates a regulatory efficiency office within Governor's office and an advisory panel of outside experts. These bodies will be required to publish an economic analysis and regulation reduction guide in order to increase efficiency and cost savings in Texas.,http://capitol.texas.gov/BillLookup/History.aspx?LegSess=89R&Bill=SB14,2025
Texas,Texas Legislature,S.B. 1080,Enacted,Public Safety,"Allows Texas inmates to apply for occupational licenses while imprisoned, to be issued upon release, and allows the revocation of licenses for felony offenses, in order to provide Texas inmates with greater options for gainful employment upon release and to reduce recidivism.",http://capitol.texas.gov/BillLookup/History.aspx?LegSess=89R&Bill=SB1080,2025
Texas,Texas Legislature,S.B. 617,Enacted,Homelessness; Local Accountability,"Requires hearings and public notice for Texas municipalities that convert properties into housing for homeless individuals, in order to allow Texas residents to be informed and have the opportunity to push back against decisions that could increase crime and other forms of disorder in their neighborhoods.",http://capitol.texas.gov/BillLookup/History.aspx?LegSess=89R&Bill=SB617,2025
Texas,Texas Legislature,S.B. 855,Enacted,Healthcare,"Allows certain medical consenters to assume financial responsibility for out-of-network medical care provided to children in foster care, in order to allow more opportunities for children in foster care.",http://capitol.texas.gov/BillLookup/History.aspx?LegSess=89R&Bill=SB855,2025
Texas,Texas Legislature,S.B. 922,Enacted,Electronic Health Records; Healthcare,"Requires physicians to promptly provide patients with their medical information electronically, in order to allow Texas patients to more freely transfer their data between providers of their choosing.",http://capitol.texas.gov/BillLookup/History.aspx?LegSess=89R&Bill=SB922,2025
Utah,Utah State Legislature,H.B.163,Enacted,Probation and Parole,"Creates a Division of Adult Probation and Parole within the Utah Department of Corrections and restructures requirements for compliance, in order to ensure special care is paid to probation and parole policies with the goal of reducing recidivism.",https://le.utah.gov/~2025/bills/static/HB0163.html,2025
Utah,Utah State Legislature,H.B.167,Enacted,Probation and Parole,Mandates local mental health authorities to coordinate with the Utah Department of Corrections to ensure a smooth transition in mental health services for individuals going onto probation or parole in order to reduce recidivisim and ensure proper continuity of care.,https://le.utah.gov/~2025/bills/static/HB0167.html,2025
Utah,Utah State Legislature,H.B.199,Enacted,Homelessness,"Creates mobile opioid treatment units, bans supervised drug sites, bans syringe exchanges at drug-free zones in order to more effectively reduce the prevalence of drugs in Utah and ensure drug addicts receive proper treatment.",https://le.utah.gov/~2025/bills/static/HB0199.html,2025
Utah,Utah State Legislature,H.B.329,Enacted,Homelessness,"Implements planning, data collection, and safety requirements for homeless services in Utah in order to increase effectiveness and decrease costs of these programs.",https://le.utah.gov/~2025/bills/static/HB0329.html,2025
Utah,Utah State Legislature,H.B.505,Enacted,Homelessness,"Makes unsanctioned camping on state property a misdemeanor and requires municipalities comply with camping bans to be eligible for funding, in order to increase public safety for Utahns and ensure homeless individuals receive the care they need.",https://le.utah.gov/~2025/bills/static/HB0505.html,2025
Utah,Utah State Legislature,H.B.56,Enacted,Homelessness; Mental Health Treatment,"Makes changes to Utah's involuntary commitment regulations - requiring a discharge plan, and laying out the procedure for involuntary civil commitment - in order to increase the health and safety of those who need urgent mental health care and the people around them.",https://le.utah.gov/~2025/bills/static/HB0056.html,2025
Utah,Utah State Legislature,H.C.R.6,Enacted,Homelessness,A resolution asking Congress to reduce administrative burden and allow states further flexibility in setting policies to address homelessness. Allowing states this flexibility will allow Utah to develop an approach best suited to conditions on the ground instead of forcing them to follow a one-size-fits-all approach from Washington.,https://le.utah.gov/~2025/bills/static/HCR006.html,2025
Utah,Utah State Legislature,S.B.121,Enacted,Homelessness,"Creates a compensation fund for those who lose property value due to being close to homeless service facilities in Utah, in order to ensure that those who live near homeless services are compensated for the inconveniences it causes.",https://le.utah.gov/~2025/bills/static/SB0121.html,2025
Utah,Utah State Legislature,S.B.78,Enacted,Homelessness,Creates an ombudsman in the Utah Office of Homeless Services in order to make it easier for those in need of treatment to know what options are available.,https://le.utah.gov/~2025/bills/static/SB0078.html,2025
Virginia,Virginia General Assembly,H.B. 1611,Enacted,Degree Requirements; Merit hiring,"Removes unnecessary degree requirements from state jobs in Virginia, with exceptions. It expands employment opportunities for Virginians with relevant experience but without college degrees, and allows open positions to be filled more efficiently.",https://lis.virginia.gov/bill-details/20251/HB1611,2025
Virginia,Virginia General Assembly,H.B. 1936,Enacted,Teacher Competency,"Reduces required teacher training to once every 5 years, freeing up Virginia teachers to spend less time on compliance with government mandates and more time focusing on Virginia students.",https://lis.virginia.gov/bill-details/20251/HB1936,2025
Virginia,Virginia General Assembly,H.B. 2018,Enacted,Teacher Competency,"Requires the Virginia Board of Education to create new pathways to renewable teacher licensure in career and technical education, including substituting work experience for education and reciprocity with out-of-state licenses, to make career and technical education more available and affordable for Virginians.",https://lis.virginia.gov/bill-details/20251/HB2018,2025
Virginia,Virginia General Assembly,H.B. 2053,Enacted,Teacher Competency,"Requires the Virginia Department of Education to audit all education programs at public and private universities to check for compliance with laws relating to coursework, student mastery, and field experience in literacy instruction. This will increase accountability within teacher training programs and ensure that future generations of Virginia schoolchildren are receiving the highest possible quality of instruction.",https://lis.virginia.gov/bill-details/20251/HB2053,2025
Virginia,Virginia General Assembly,S.B. 1014,Enacted,Merit hiring,"Removes unnecessary degree requirements from state jobs in Virginia, with exceptions. It expands employment opportunities for Virginians with relevant experience but without college degrees, and allows open positions to be filled more efficiently.",https://lis.virginia.gov/bill-details/20251/SB1014,2025
Virginia,Virginia General Assembly,S.B. 1218,Enacted,Anti-competitive contracting,"Prohibits employers from enforcing a covenant not to compete against any low-wage employee in Virginia, which will increase opportunities for low-wage employees to find employment within their chosen field.",https://lis.virginia.gov/bill-details/20251/SB1218,2025
Virginia,Virginia General Assembly,S.B. 745,Enacted,Pharmacist Scope,"Creates a stakeholder work group at the Virginia Board of Pharmacy to review the authority of pharmacists and potentially expand their scope of practice, which would expand healthcare access and options for Virginians.",https://lis.virginia.gov/bill-details/20251/SB745,2025
Wyoming,Wyoming State Legislature,H.B.0147,Enacted,ALOB; Merit hiring,"A ban on discriminatory DEI practices and loyalty oaths in any Wyoming government entities, which will ensure freedom of thought and freedom from institutional discrimination for those working for or interacting with the Wyoming government, including the education system.",http://legisweb.state.wy.us/Legislation/2025/HB0147,2025
Wyoming,Wyoming State Legislature,H.B.0289,Enacted,CON Repeal,"Repeals the final piece of Certificate of Need laws in Wyoming, which covers bed limitations on nursing homes. This policy change will allow for new healthcare options to open without being stifled by current healthcare interests seeking to limit competition.",http://legisweb.state.wy.us/Legislation/2025/HB0289,2025
Wyoming,Wyoming State Legislature,S.F.0079,Enacted,Venue Restriction,"Provides for venue change for incorrect court venues in Wyoming, which can be done either by the court or by motion of either party. This ensures greater ease of access to petitioners not in a state capital's jurisdiction and potentially allows for fairer trials with more representative jury pools.",http://legisweb.state.wy.us/Legislation/2025/SF0079,2025
Wyoming,Wyoming State Legislature,S.F.0086,Enacted,Teacher Competency,"Allows alternative certification methods for teachers, enabling alternative pathways to addressing teacher shortages and increasing access to and quality of education for Wyoming students.",http://legisweb.state.wy.us/Legislation/2025/SF0086,2025
Wyoming,Wyoming State Legislature,S.F.0107,Enacted,Licensure,"A full ban on noncompete agreements, with exceptions for senior leadership and trade secrets. It bans future and voids current noncompete clauses, which will benefit physicians currently covered by noncompete agreements and increase access to quality health care for the people of Wyoming.",http://legisweb.state.wy.us/Legislation/2025/SF0107,2025
Wyoming,Wyoming State Legislature,S.F.0127,Enacted,Independent Review,"A major regulatory reform package, which includes provisions for cost-benefit analysis and 5-year sunsets of regulations, and the REINS act. Its passage, over the governor's veto, will significantly increase efficiency and legislative accountability in the Wyoming regulatory process.",http://legisweb.state.wy.us/Legislation/2025/SF0127,2025
Texas,Texas Legislature,H.B. 24,Sent to Governor,Regulatory Reform,"Revises the procedures for Texas local governments to change their zoning codes, making the notification requirements less burdensome. It also introduces a presumption of validity for zoning changes, enabling municipalities to automatically be able to enact zoning changes if not legally challenged, in order to allow Texas to address its housing shortages more efficiently and effectively.",https://capitol.texas.gov/BillLookup/History.aspx?LegSess=89R&Bill=HB24,2025
Nevada,Nevada Legislature,A.B. 547,Enacted,Degree Requirements,"Limits the requirements of postsecondary degrees for state jobs in Nevada unless absolutely necessary and allows applicants to show alternative qualifications such as relevant work experience or non-degree credentials, in order to broaden the pool of qualified candidates and allow open positions to be filled more quickly and efficiently.",https://www.leg.state.nv.us/App/NELIS/REL/83rd2025/Bill/12854/Overview,2025
Oregon,Oregon Legislative Assembly,H.B. 2540,Enacted,Patients Right to Save,Requires health insurers to credit any amount an enrollee pays directly to a provider toward out-of-pocket costs and deductibles in Oregon. This incentivizes patients and providers alike to find ways to lower healthcare costs.,https://olis.oregonlegislature.gov/liz/2025R1/Measures/Overview/HB2540,2025
Arizona,Arizona State Legislature,H.B.2490,Enacted,Venue Restriction,"Allows a party appealing a final administrative decision in Arizona to choose any proper venue, rather than being limited to a court in the state capital, in order to reduce the institutional advantages bureaucracies can have when defending their decisions on their home turf and give more decisionmaking power to people in outer areas of the state who may be more adversely affected by agency policies.",https://apps.azleg.gov/BillStatus/BillOverview/80354,2024
Arizona,Arizona State Legislature,S.B.1402,Enacted,Patient's Right to Save,"Allows health insurers to create savings incentive programs for patients in Arizona who find prices for their treatment that is below the insurer's usual rates, granting them reimbursement for a portion of the difference. This incentivizes patients and providers alike to find ways to lower healthcare costs.",https://apps.azleg.gov/BillStatus/BillOverview/80925,2024
Colorado,Colorado General Assembly,SB24-141,Enacted,Telehealth,"Allows out-of-state healthcare providers to offer telehealth services to Colorado patients, in order to increase availability and reduce costs of healthcare in Colorado.",http://leg.colorado.gov/bills/sb24-141,2024
Florida,Florida Legislature,H.B. 7089,Enacted,Hospital Price Transparency; Patient's Right to Save,"Introduces requirements for medical facilities to post their prices in order to enable patients to shop around for the lowest prices, and adds a statute of limitations for collecting medical debt.",http://flsenate.gov/Session/Bill/2024/7089,2024
Florida,Florida Legislature,C.S./S.B. 7016,Enacted,Electronic Health Records; International Physicians,"A major healthcare reform in Florida, with many components; items of interest include expanding loan reimbursement to a wider range of healthcare practitioners such as dental hygienists; providing for telehealth for maternity care statewide; and increasing recognition of licenses from other states, in order to increase availability of medical providers in Florida.",http://flsenate.gov/Session/Bill/2024/7016,2024
Florida,Florida Legislature,S.B. 7018,Enacted,Healthcare; International Physicians,Creates a Health Care Innovation Council in the Florida Department of Health to explore new ideas for improving access and affordability of health care in the state.,http://flsenate.gov/Session/Bill/2024/7018,2024
Florida,Florida Legislature,C.S./C.S./H.B. 1365,Enacted,Camping Bans; Homelessness; Local Accountability; Mental Health Treatment; Sanctioned Camping Sites,"Prohibits Florida counties and municipalities from allowing unauthorized camping except in designated areas and allows residents, business owners, or the Attorney General to sue local governments that do not comply, in order to ensure that homeless people are off the streets and connected with the resources they need, which will help make Florida's communities cleaner and safer.",http://flsenate.gov/Session/Bill/2024/1365,2024
Georgia,Georgia General Assembly,H.B.1410,Enacted,Drug-free Homeless Service Zones; Homelessness; Mental Health Treatment,"Establishes a state housing accountability program in Georgia, with an application process and requirements for job training and substance abuse treatment, and also includes oversight for how funds are being spent, in order to both provide needed services for homeless Georgians and also ensure public funds are being spent effectively.",https://www.legis.ga.gov/legislation/67457,2024
Idaho,Idaho State Legislature,H.626,Enacted,Regulatory Reform,"Instructs Idaho courts not to defer to agencies' interpretations of administrative rules, which will increase the ability of the legislature and courts to set regulatory policy in the face of potential opposition from the bureaucracy.",https://legislature.idaho.gov/sessioninfo/2024/legislation/H0626,2024
Idaho,Idaho State Legislature,H.542,Enacted,International Physicians,"Allows internationally licensed physicians to practice in Idaho, with a special focus on rural and primary care settings, in order to increase accessibility of care in underserved regions.",https://legislature.idaho.gov/sessioninfo/2024/legislation/H0542,2024
Idaho,Idaho State Legislature,H.563,Enacted,Independent Review,"Requires a periodic review of Idaho administrative rules every eight years, with agencies reporting on the necessity of their rules to the legislature and considering whether the rules' content should be moved into statute, in order to better ensure Idaho administrative rules are necessary and beneficial for the citizens.",https://legislature.idaho.gov/sessioninfo/2024/legislation/H0563,2024
Idaho,Idaho State Legislature,H.433,Enacted,Degree Requirements,"Limits the requirements of postsecondary degrees for state jobs in Idaho unless absolutely necessary and allows applicants to show alternative qualifications such as relevant work experience or non-degree credentials, in order to broaden the pool of qualified candidates and allow open positions to be filled more quickly and efficiently.",https://legislature.idaho.gov/sessioninfo/2024/legislation/H0433,2024
Idaho,Idaho State Legislature,H.436,Enacted,Licensure,"Creates the Idaho Allied Health Advisory Board, which will give guidance to the Idaho Board of Medicine on licensing of various types of health professionals, including dietitians, athletic trainers, and naturopathic practitioners, consolidating several previously existing boards into one. This will reduce administrative complexity and streamline licensing procedures for Idaho medical practitioners.",https://legislature.idaho.gov/sessioninfo/2024/legislation/H0436,2024
Idaho,Idaho State Legislature,H.490,Enacted,Healthcare,"Requires applicants for various licenses in Idaho, including nursing, pharmacy, medicine, real estate, counseling, and driving instruction, be required to go through criminal background checks with fingerprinting, in order to enhance public safety when interacting with licensed professionals.",https://legislature.idaho.gov/sessioninfo/2024/legislation/H0490,2024
Iowa,Iowa General Assembly,S.F.477,Enacted,International Physicians,"Allows internationally-trained physicians to practice in Iowa under a provisional license if they meet requirements including examination, background check, residency and five years' practice abroad, and good standing with their home country medical board, in order to address physician shortages in the state. It also ensures minors' electronic health information will be made available to their parents.",https://www.legis.iowa.gov/legislation/BillBook?ba=SF477&ga=90,2024
Kansas,Kansas State Legislature,H.B.2648,Enacted,Regulatory Reform,"Requires any proposed rule or regulation in Kansas that is expected to incur over $1 million in implementation and compliance costs in the first five years must be ratified by the legislature before it can go into effect, in order to increase oversight and reduce costs for Kansas taxpayers.",http://www.kslegislature.org/li/b2023_24/measures/hb2648/,2024
Kansas,Kansas State Legislature,H.B.2353,Enacted,Mental Health Treatment,"Extends the time for involuntary commitments in Kansas, creates safeguards regarding the need for a written statement from a qualified mental health professional for detention at state psychiatric hospitals, and prohibiting detention in jails or prisons, in order to both allow greater use of involuntary commitment for acute mental health issues while protecting the rights and wellbeing of those involuntarily committed.",http://www.kslegislature.org/li/b2023_24/measures/hb2353/,2024
Kentucky,Kentucky General Assembly,H.B.5,Enacted,Camping Bans; Homelessness; Mental Health Treatment; Public Safety; Sanctioned Camping Sites,"A major overhaul of Kentucky's criminal statutes, and among many other provisions includes a ban on unsanctioned homeless camping, in order to reduce the dangers associated with homeless encampments, including drug use, violence, litter, and other nuisances.",https://apps.legislature.ky.gov/record/24rs/hb5.html,2024
Louisiana,Louisiana Legislature,H.B.566,Enacted,Degree Requirements,"Removes unnecessary degree requirements from state jobs in Louisiana, in order to broaden the pool of eligible candidates to those without degrees but with relevant experience, allow more access to state employment, and allow open positions to be filled more efficiently.",https://www.legis.la.gov/legis/BillInfo.aspx?s=24RS&b=HB566,2024
Louisiana,Louisiana Legislature,H.B.904,Enacted,ALOB,"Requires public schools, colleges, and universities to report on their DEI programs, in order to increase transparency on potentially discriminatory DEI practices.",https://www.legis.la.gov/legis/BillInfo.aspx?s=24RS&b=HB904,2024
Louisiana,Louisiana Legislature,H.B.972,Enacted,International Physicians,"Allows internationally-trained physicians to practice medicine in Louisiana as long as they are properly trained and in good standing in their home country, fluent in English, and have secured employment in a Louisiana hospital, in order to address physician shortages and make medical care more available in the state.",https://www.legis.la.gov/legis/BillInfo.aspx?s=24RS&b=HB972,2024
Louisiana,Louisiana Legislature,H.B.716,Enacted,Licensure,"Makes recognition of out-of-state occupational licenses easier for professionals moving into Louisiana, removing regulatory barriers and increasing the availability of services.",https://www.legis.la.gov/legis/BillInfo.aspx?s=24RS&b=HB716,2024
Louisiana,Louisiana Legislature,S.B.332,Enacted,Licensure,"Repeals the Louisiana Occupational Licensing Review Commission, which will reduce regulatory hurdles to innovation and small business in Louisiana.",https://www.legis.la.gov/legis/BillInfo.aspx?s=24RS&b=SB332,2024
Louisiana,Louisiana Legislature,S.B.60,Enacted,Licensure,"Makes recognition of out-of-state occupational licenses easier for professionals moving into Louisiana, removing regulatory barriers and increasing the availability of services.",https://www.legis.la.gov/legis/BillInfo.aspx?s=24RS&b=SB60,2024
Louisiana,Louisiana Legislature,S.B.231,Enacted,Mental Health Treatment,"Expands the ability of Louisiana to use involuntary outpatient mental health treatment, with flexibility in treatment models and safeguards for the patients' rights, in order to make it easier to ensure mentally ill people receive the treatment they need.",https://www.legis.la.gov/legis/BillInfo.aspx?s=24RS&b=SB231,2024
Missouri,Missouri General Assembly,S.B. 894,Enacted,Sandbox,"Includes regulatory sandbox provisions which allow Missouri businesses to test innovative products and services under a temporary waiver of certain state regulations, in order to foster innovation by providing a controlled environment for businesses to demonstrate new offerings without the immediate burden of full regulatory compliance.",http://www.senate.mo.gov/24info/BTS_Web/Bill.aspx?SessionType=R&BillID=1558,2024
Ohio,Ohio General Assembly,H.B.33,Enacted,Degree Requirements,"Includes, among many other budgetary provisions, a requirement that Ohio cease to require four-year degrees for hiring unless strictly necessary, with an eye to expanding employment opportunities to Ohioans with relevant experience but without degrees, and allowing open positions to be filled more efficiently.",https://www.legislature.ohio.gov/legislation/135/hb33,2024
Oklahoma,Oklahoma Legislature,S.B.1854,Enacted,Homelessness,"Prohibits unauthorized camping in Oklahoma and allows law enforcement to issue a warning along with transportation to shelters or food pantries for first offenses. This will ensure that homeless people are off the streets and connected with the resources they need, which will help make Oklahoma communities cleaner and safer.",http://www.oklegislature.gov/BillInfo.aspx?Bill=SB1854&Session=2400,2024
South Carolina,South Carolina Legislature,H.B.4159,Enacted,Telehealth,Allows out-of-state advanced practice nurses and physician assistants to provide telehealth and telemedicine services in South Carolina in order to alleviate physician shortages and make nursing care more accessible.,https://www.scstatehouse.gov/billsearch.php?billnumbers=4159&session=125&summary=B,2024
Tennessee,Tennessee General Assembly,S.B.1881,Enacted,Telehealth,"Updates the requirements for telemedicine, ensuring that Tennessee patients have access to the highest quality care and their personal data is protected when interacting in a telehealth environment.",http://wapp.capitol.tn.gov/apps/BillInfo/Default.aspx?BillNumber=SB1881&ga=113,2024
Tennessee,Tennessee General Assembly,S.B.2012,Enacted,Electronic Health Records,"Requires medical providers in Tennessee to prevent healthcare professionals and associated businesses from blocking information from patients, with exception for sensitive test results, in order to ensure patients are able to access their health records easily and electronically.",http://wapp.capitol.tn.gov/apps/BillInfo/Default.aspx?BillNumber=SB2012&ga=113,2024
Tennessee,Tennessee General Assembly,H.B.2900,Enacted,International Physicians,"Requires Tennessee state and local government entities verify the citizenship or lawful residency status of any individual applying for public benefits, in order to verify that benefits are only going to the correct recipients, and allows for international physicians to more easily convert their provisional licenses into full licenses in order to increase availability of physicians in the state.",http://wapp.capitol.tn.gov/apps/BillInfo/Default.aspx?BillNumber=HB2900&ga=113,2024
Tennessee,Tennessee General Assembly,S.B.2689,Enacted,Public Safety,"Creates a centralized system for case management, document management, electronic case filing, electronic payment methods, and data reporting for all state and local courts in Tennessee, in order to increase efficiency and decrease costs.",http://wapp.capitol.tn.gov/apps/BillInfo/Default.aspx?BillNumber=SB2689&ga=113,2024
Utah,Utah State Legislature,S.B.213,Enacted,Probation and Parole,"Reforms Utah's criminal justice system and includes a provision whereby offenders can reduce their time on parole or probation by maintaining eligible employment, in order to ease the transition back into civilian life and reduce recidivism.",https://le.utah.gov/~2024/bills/static/SB0213.html,2024
Utah,Utah State Legislature,H.B.298,Enacted,Homelessness,"Reorganizes Utah's Homeless Services Board and expands its responsibilities to include more data reporting and setting more ambitious goals to reduce homelessness, and requires Utah municipalities to enforce camping bans to receive state funds, in order to better address challenges associated with the homeless population.",https://le.utah.gov/~2024/bills/static/HB0298.html,2024
Utah,Utah State Legislature,H.B.213,Enacted,Probation and Parole; WFT Credits,"Includes several crime record privacy provisions, and includes regulatory sandbox provisions which allow Utah businesses to test innovative products and services under a temporary waiver of certain state regulations, in order to foster innovation by providing a controlled environment for businesses to demonstrate new offerings without the immediate burden of full regulatory compliance.",https://le.utah.gov/~2024/bills/static/HB0213.html,2024
Utah,Utah State Legislature,S.B.109,Enacted,Probation and Parole,"Changes rules regarding probationers and parolees to more strongly punish violations, establishes a reentry program, and puts guardrails on when county jail officials can release individuals, in order to both properly punish crime and reduce recidivism.",https://le.utah.gov/~2024/bills/static/SB0109.html,2024
Virginia,Virginia General Assembly,H.B. 995,Enacted,International Physicians,"Allows foreign-trained physicians in Virginia to obtain a temporary license to practice if they trained at a WHO-recognized school and have practiced for at least five years, in order to increase the number of qualified doctors available to serve Virginia patients.",https://lis.virginia.gov/bill-details/20241/HB995,2024
Wisconsin,Wisconsin State Legislature,A.B.954,Enacted,International Physicians,"Allows internationally trained physicians to practice in Wisconsin if they have an offer of full-time employment from a Wisconsin healthcare facility, in order to increase the number of qualified doctors available to serve Wisconsin patients.",https://docs.legis.wisconsin.gov/2023/proposals/reg/asm/bill/ab954,2024
Arizona,Arizona State Legislature,S.B.1720,Enacted,Homelessness,"Arizona's general appropriations act, includes a homeless service grant pilot which would emphasize access to services, work opportunities, and transitional housing, in order to reduce homelessness and more productively offer services to move homeless individuals out of homelessness.",https://apps.azleg.gov/BillStatus/BillOverview/79724,2023
Arizona,Arizona State Legislature,H.B.2055,Enacted,WFT Credits,"Allows those on probation in Arizona to earn a time credit for employment they maintain, in order to help ease reintegration of offenders into society and reduce recidivism.",https://apps.azleg.gov/BillStatus/BillOverview/78135,2023
Arizona,Arizona State Legislature,S.B.1603,Enacted,Hospital Price Transparency,Introduces new requirements for hospital price transparency in Arizona which require health care facilities to disclose cash prices for their most used treatments. This will allow patients to more easily shop for the lowest prices for their procedures and reduce the cost of care overall.,https://apps.azleg.gov/BillStatus/BillOverview/79285,2023
Florida,Florida Legislature,C.S./C.S./S.B. 1310,Enacted,Degree Requirements,"Allows Florida public-sector employers to remove degree requirements in favor of work experience or other qualification, in order to broaden the pool of eligible candidates to those without degrees but with relevant experience, allow more access to state employment, and allow open positions to be filled more efficiently.",http://flsenate.gov/Session/Bill/2023/1310,2023
Florida,Florida Legislature,C.S./C.S./H.B. 931,Enacted,ALOB,"Requires Florida's college system to publish reports on intellectual freedom and viewport diversity in its institutions and bans political loyalty tests, in order to fight against DEI loyalty oaths and ensure true diversity of thought on Florida campuses.",http://flsenate.gov/Session/Bill/2023/931,2023
Georgia,Georgia General Assembly,S.B.3,Enacted,Degree Requirements,"Requires Georgia state agencies to evaluate their job postings and find places where degree requirements can be exchanged for alternative qualifications, in order to broaden the pool of eligible candidates to those without degrees but with relevant experience, allow more access to state employment, and allow open positions to be filled more efficiently.",https://www.legis.ga.gov/legislation/63492,2023
Georgia,Georgia General Assembly,S.B.62,Enacted,Homelessness,"Bans Georgia local governments from blocking the enforcement of camping bans, allows for diversion programs in lieu of arrest, and prohibits homeless people from being transported to other counties, in order to ensure that homeless people are off the streets and connected with the resources they need, which will help make Georgia's communities cleaner and safer.",https://www.legis.ga.gov/legislation/63809,2023
Idaho,Idaho State Legislature,H.61,Enacted,Telehealth,"Allows mental or behavioral health providers from other states to provide telehealth services in Idaho if in good standing in a jurisdiction with similar licensure requirements, in order to make mental health services more easily accessible for Idaho patients.",https://legislature.idaho.gov/sessioninfo/2023/legislation/H0061,2023
Idaho,Idaho State Legislature,S.1094,Enacted,International Physicians,"Allows for temporary licenses for international doctors to practice medicine in Idaho if they have completed residency and at least three years of experience in their home country and agree to work for at least three years in a designated health shortage area, in order to address physician shortages and make healthcare more accessible to Idahoans.",https://legislature.idaho.gov/sessioninfo/2023/legislation/S1094,2023
Idaho,Idaho State Legislature,H.162,Enacted,Telehealth,"Allows the establishment of a valid prescriber-patient relationship through telehealth in Idaho, in order to decrease cost and increase accessibility of medical care for Idaho patients.",https://legislature.idaho.gov/sessioninfo/2023/legislation/H0162,2023
Missouri,Missouri General Assembly,H.B. 417,Enacted,Degree Requirements,"Removes postsecondary degree requirements for state jobs unless absolutely necessary, and offers tax credits for the hiring of interns and apprentices, in order to increase the viability of non-college educational paths, allow more access to state employment, and allow open positions to be filled more efficiently.",http://www.house.mo.gov/BillContent.aspx?bill=HB417&year=2023&code=R%20,2023
Missouri,Missouri General Assembly,H.B. 131,Enacted,Regulatory Reform,"Allows the Missouri government to pay its employees in biweekly installments, instead of semimonthly or monthly, along with accountability measures, in order to grant the government more flexibility in making its disbursements.",http://www.house.mo.gov/BillContent.aspx?bill=HB131&year=2023&code=R%20,2023
Missouri,Missouri General Assembly,S.B. 111,Enacted,Degree Requirements,"Updates several provisions regarding state employees, including establishing regular reporting and uniform compensation, in order to increase efficiency in state spending in Missouri.",http://www.senate.mo.gov/23info/BTS_Web/Bill.aspx?SessionType=R&BillID=44527,2023
North Carolina,North Carolina General Assembly,H87,Enacted,Probation and Parole,"Allows North Carolina district attorneys to petition to modify probation terms in cases of either violation or good behavior, in order to ensure that those who are making progress can more easily return to society and that those likely to reoffend remain under supervision.",https://www.ncleg.gov/BillLookUp/2023/H87,2023
Tennessee,Tennessee General Assembly,S.B.1451,Enacted,International Physicians,"Allows international medical school graduates to receive a temporary license to practice in Tennessee, with possible transition to full licensure after two years in good standing, in order to alleviate physician shortages and increase access to care.",http://wapp.capitol.tn.gov/apps/BillInfo/Default.aspx?BillNumber=SB1451&ga=113,2023
Tennessee,Tennessee General Assembly,S.B.0672,Enacted,Mental Health Treatment,"Allows Tennessee advance practice nurses and physician assistants to make a preliminary determination of whether a person is suitable for emergency admission to treatment facilities for mental health issues, in order to share workload among qualified medical providers who are not doctors to allow doctors to focus their efforts where they are most needed, improving the efficiency and effectiveness of medical care for mental health patients.",http://wapp.capitol.tn.gov/apps/BillInfo/Default.aspx?BillNumber=SB0672&ga=113,2023
Tennessee,Tennessee General Assembly,S.B.0817,Enacted,ALOB,"Prevents Tennessee from imposing divisive concepts such as systemic or inherent racism, different treatment based on race or sex, and categorical guilt of certain racial groups, in the form of loyalty oaths, discrimination in hiring or promotion, or mandatory training or indoctrination. This will ensure freedom of thought and freedom from institutional discrimination for students, faculty, and staff.",http://wapp.capitol.tn.gov/apps/BillInfo/Default.aspx?BillNumber=SB0817&ga=113,2023
Tennessee,Tennessee General Assembly,H.B.1213,Enacted,Patient's Right to Save,"Allows Tennesseans to shop around for lower costs for treatment, and, if a covered person negotiates a lower cost for service than what their insurance would pay, that savings would be credited toward the patient's deductible, in order to incentivize patients and providers alike to reduce healthcare costs.",http://wapp.capitol.tn.gov/apps/BillInfo/Default.aspx?BillNumber=HB1213&ga=113,2023
Tennessee,Tennessee General Assembly,S.B.1437,Enacted,Regulatory Reform,"Removes the distance from home restrictions on Tennessee minors' motorcycle learner's permits if the minor is supervised by a parent or legal guardian also operating a motorcycle, reducing unnecessary regulatory burden while ensuring young riders are adequately supervised.",http://wapp.capitol.tn.gov/apps/BillInfo/Default.aspx?BillNumber=SB1437&ga=113,2023
Texas,Texas Legislature,S.B. 17,Enacted,ALOB,"Restricts DEI offices in Texas universities and prevents compelled DEI statements, trainings, or discrimination based on race, sex, color, ethnicity, or national origin, in order to ensure freedom of thought and freedom from institutional discrimination for students, faculty, and staff.",http://capitol.texas.gov/BillLookup/History.aspx?LegSess=88R&Bill=SB17,2023
Texas,Texas Legislature,H.B. 8,Enacted,Performance Based Funding,"Requires Texas higher education institutions to share detailed information on costs and job prospects of their programs, in order to ensure prospective students are armed with sufficient information to choose the program that will be best for their career aspirations.",http://capitol.texas.gov/BillLookup/History.aspx?LegSess=88R&Bill=HB8,2023
Texas,Texas Legislature,H.B. 1038,Enacted,Financial Transparency,"Introduces reporting requirements for state lending and credit support programs in Texas, in order to ensure transparency and accountability in those programs.",http://capitol.texas.gov/BillLookup/History.aspx?LegSess=88R&Bill=HB1038,2023
Utah,Utah State Legislature,H.B.159,Enacted,International Physicians,"Allows for healthcare providers in other states to provide telemedicine services in Utah under a temporary license, in order to alleviate physician shortages and make health care more accessible to Utah patients.",https://le.utah.gov/~2023/bills/static/HB0159.html,2023
Utah,Utah State Legislature,H.B.499,Enacted,Homelessness,"Overhauls Utah's homeless services strategy by requiring municipalities to enforce camping bans to receive funds, creates a winter response task force, and allocates funding to municipalities based on available shelter beds, in order to improve the quality and effectiveness of Utah's services for the homeless.",https://le.utah.gov/~2023/bills/static/HB0499.html,2023
Arizona,Arizona State Legislature,S.B.1262,Enacted,Financial Transparency,"Requires reporting on all bond issues and securities longer than a year, as well as on lending and credit support programs, in order to allow Arizona investors greater transparency on their investment options.",https://apps.azleg.gov/BillStatus/BillOverview/77154,2022
Arizona,Arizona State Legislature,H.B.2731,Enacted,Sandbox,"Expands the regulatory sandbox program, which allows Arizona businesses to test innovative products and services without the normal licensing requirements with limited market access, by allowing a broader range of products to be included in the program. It does this in order to foster innovation by providing a controlled environment for businesses to demonstrate new offerings without the immediate burden of full regulatory compliance.",https://apps.azleg.gov/BillStatus/BillOverview/77796,2022
Arizona,Arizona State Legislature,H.B.2612,Enacted,Licensure,"Reforms Arizona's occupational licensing laws, making it easier to transfer licenses without fees in industries like real estate, healthcare, liquor, and lottery sales, in order to reduce regulations and allow for more innovation with less red tape.",https://apps.azleg.gov/BillStatus/BillOverview/77325,2022
Florida,Florida Legislature,C.S./C.S./S.B. 752,Enacted,Probation and Parole,"Includes several reforms to probation in Florida, including allowing probationers to report in remotely and incentives for educational advancement, in order to ease the return of those on probation back into society and to reduce recidivism.",http://flsenate.gov/Session/Bill/2022/752,2022
Florida,Florida Legislature,S.B. 7044,Enacted,Education,"Allows Florida to perform post-tenure reviews of state university faculty, mandates transparency in tuition and fees, requires detailed syllabi and course lists to be published, and allows flexibility in choosing an accreditation agency, in order to increase transparency and reduce costs for Florida students.",http://flsenate.gov/Session/Bill/2022/7044,2022
Tennessee,Tennessee General Assembly,H.B.0978,Enacted,Camping Bans,"Bans camping on public property around highways in Tennessee, in order to reduce the dangers associated with homeless encampments, including drug use, violence, litter, and other nuisances.",http://wapp.capitol.tn.gov/apps/BillInfo/Default.aspx?BillNumber=HB0978&ga=112,2022
Utah,Utah State Legislature,S.B.43,Enacted,Licensure,"Eases occupational licensing requirements on several fields in Utah, including speech-language pathology, environmental health science, and cosmetology, in order to reduce regulatory burdens and encourage innovation and competition in licensed fields.",https://le.utah.gov/~2022/bills/static/SB0043.html,2022
Utah,Utah State Legislature,H.B.363,Enacted,Mental Health Treatment,"Extends civil commitment powers in Utah, including extending the maximum period for temporary civil commitment, allows mental health evaluations via telehealth, and gives courts flexibility for ordering commitment, outpatient treatment, or dismissal, in order to ensure cases of acute mental health crisis are given appropriate treatment.",https://le.utah.gov/~2022/bills/static/HB0363.html,2022
Utah,Utah State Legislature,H.B.412,Enacted,Probation and Parole,"Creates a probation and parole employment incentive program in Utah, in order to enhance employment outcomes for individuals on parole and felony probation, thereby reducing recidivism.",https://le.utah.gov/~2022/bills/static/HB0412.html,2022
Utah,Utah State Legislature,H.B.440,Enacted,Homelessness,Creates a new homeless network steering committee in Utah and changes the funding formula to direct funding to support homeless services in a more cost-effective manner. It also restricts funding for municipalities that do not enforce camping bans to ensure accountability.,https://le.utah.gov/~2022/bills/static/HB0440.html,2022
Wisconsin,Wisconsin State Legislature,S.B.606,Enacted,Financial Transparency,"Introduces new publishing and reporting requirements for the state's transportation infrastructure loan program, in order to increase transparency and ensure funds are being spent appropriately.",https://docs.legis.wisconsin.gov/2021/proposals/reg/sen/bill/sb606,2022
Arizona,Arizona State Legislature,H.B.2168,Enacted,Public Safety,"Requires law enforcement agencies to collect and report data on use-of-force incidents involving their officers, in order to increase transparency and public oversight of police actions.",https://apps.azleg.gov/BillStatus/BillOverview/74592,2021
Arizona,Arizona State Legislature,H.B.2787,Enacted,Probation and Parole,"Redefines ""moral turpitude"" in Arizona law in a way to allow some individuals with criminal records to still be able to obtain occupational licenses, in order to increase opportunities for reformed former criminals, to reduce regulation, and to further competition and innovation.",https://apps.azleg.gov/BillStatus/BillOverview/75980,2021
Florida,Florida Legislature,H.B. 7051,Enacted,Public Safety,"Reforms law enforcement hiring practices in Florida to require disclosure of any past resignations, detailed reasons for separations from previous employment, and new training in use of proportional force and deescalation techniques, in order to reduce unnecessary use of force by law enforcement and ensure citizens are properly protected.",http://flsenate.gov/Session/Bill/2021/7051,2021
Florida,Florida Legislature,C.S./C.S./C.S./H.B. 1507,Enacted,Education,"Creates an Office of Reimagining Education and Career Help in the office of the Florida governor and creates several other programs including tuition assistance for workforce training and tuition reimbursement if a student fails to find a job in his/her trained field, in order to more directly align education with positive career outcomes.",http://flsenate.gov/Session/Bill/2021/1507,2021
Georgia,Georgia General Assembly,H.B.591,Enacted,Mental Health Treatment,"Expands the scope of professionals who can conduct emergency mental illness or substance abuse evaluations in Georgia to include marriage and family therapists, psychologists, clinical social workers, licensed professional counselors, and clinical nurse specialists can perform these tasks in lieu of physicians, freeing up some demands on physicians' time and ensuring that patients in need can be seen as quickly as possible.",https://www.legis.ga.gov/legislation/59958,2021
Missouri,Missouri General Assembly,S.B. 53,Enacted,Public Safety,"A major reform of Missouri criminal law practices, which among other provisions includes requirements for use of force training, enhanced background checks, prohibitions on chokeholds, and providing stress management programs for law enforcement. It also creates a database of police use of force incidents, all in order to provide transparency and accountability for law enforcement and to ensure citizens are receiving proper protection.",http://www.senate.mo.gov/21info/BTS_Web/Bill.aspx?SessionType=R&BillID=54105455,2021
North Carolina,North Carolina General Assembly,S300,Enacted,Public Safety,"A major reform of North Carolina criminal law practices, which among other provisions includes increases in protections, training, and oversight for law enforcement, focused on reducing excessive use of force and using body cameras, in order to provide transparency and accountability for law enforcement and to ensure citizens are receiving proper protection.",https://www.ncleg.gov/BillLookUp/2021/S300,2021
Tennessee,Tennessee General Assembly,S.B.1380,Enacted,Public Safety,"Prohibits the use of choke holds by Tennessee law enforcement and requires training in deescalation, in order to increase accountability for law enforcement and ensure citizens' rights are protected.",http://wapp.capitol.tn.gov/apps/BillInfo/Default.aspx?BillNumber=SB1380&ga=112,2021
Texas,Texas Legislature,H.B. 1925,Enacted,Camping Bans,"Bans public camping in Texas. This will ensure that homeless people are off the streets and connected with the resources they need, which will help make Texas communities cleaner and safer.",http://capitol.texas.gov/BillLookup/History.aspx?LegSess=87R&Bill=HB1925,2021
Wisconsin,Wisconsin State Legislature,S.B.123,Enacted,Public Safety,"Requires collection of data on use-of-force incidents by Wisconsin law enforcement, in order to increase transparency and accountability for law enforcement to ensure citizens are receiving proper protection.",https://docs.legis.wisconsin.gov/2021/proposals/reg/sen/bill/sb123,2021
